"(ဃ)ဈေး",96.159541,16.89677,"16,18,19,32,36,42"
"(ဈ)ဈေး",96.161912,16.911644,"2,15"
"(ဏ)ကွေ့",96.070951,16.982961,"40,42"
"(၁)ဂိတ်",96.09713,16.91537,"21,39,40"
"(၁)ဈေးကွေ့",96.195467,16.796504,"5,9,10,33"
"(၁)ထိပ်",96.078655,16.878024,"22,61"
"(၁)နံပါတ်",96.123909,16.974855,"35,37,41,44"
"(၁)ရပ်ကွက်",96.136247,17.026483,"36"
"(၁၀)ဈေး",96.220232,16.808362,"8,9,60"
"(၁၀)မိုင်",96.211413,16.91305,"25,26,28,29,30"
"(၁၀)မိုင်ကုန်း",96.130621,16.889317,"6,35,37"
"(၁၀၆)",96.120843,16.928401,"17,28,36,42,44"
"(၁၀၈)တောင်",96.218966,16.806431,"5,32,33,34,42"
"(၁၁)လမ်း",96.267697,16.823294,"2,3,4,5"
"(၁၂)ဂိတ်",96.219009,16.893526,"24"
"(၁၂)လမ်း",96.147943,16.964983,"36"
"(၁၂)လုံးတန်း",96.16343,16.830714,"12,29,38"
"(၁၂)သမ",96.03604,16.882418,"17,22,54"
"(၁၃)ဂိတ်",96.21946,16.793798,"4,10,24,31"
"(၁၄)လမ်းဆုံ",96.088074,16.933661,"17,21,40"
"(၁၄/၁၅)လမ်းဆုံ",96.185887,16.83685,"1,10,14,18,26,27,32,60"
"(၁၅)လမ်း",96.146441,16.774744,"57"
"(၁၅)လမ်း/ညောင်ပင်လေးဈေး",96.14642,16.777373,"58"
"(၁၆)ကွေ့",96.176488,16.833882,"14,16,26,27,60"
"(၁၆)ဂိတ်",96.053785,17.106545,"55"
"(၁၈)ကုန်း",96.268619,16.739455,"31,32,33,34"
"(၁၈)ကွေ့",96.23446,16.858064,"3,6"
"(၁၉၉)",96.085435,16.93247,"17,21"
"(၁၉၉)ဂိတ်ဟောင်း",96.086615,16.937438,"40"
"(၂)ဂိတ်",96.197269,17.340111,"45,55"
"(၂)ဈေး",96.156157,16.87807,"10,15,16,18,19,28,32,36,42"
"(၂၀)ဈေး",96.236241,16.849573,"2,7"
"(၃)ဂိတ်ဟောင်း",96.195548,16.777676,"4,8,31,34"
"(၃)ဈေး",96.197101,16.781595,"8,34"
"(၃)ထိပ်",96.075071,16.87749,"22,40,42,61"
"(၃၁)ဂိတ်/(၁)ဂိတ်",96.194105,16.849018,"6,14,26,27,42"
"(၃၂)ဂိတ်",96.26605,16.821399,"2,4,5"
"(၃၄)ကားကြီးဂိတ်",96.224416,16.81058,"8,9,60"
"(၃၅)ကွေ့",96.186758,16.868373,"12,14,26,29,30"
"(၃၆)ဂိတ်ဟောင်း",96.215533,16.892253,"24"
"(၄)ရပ်ကွက်",96.13865,17.02437,"36"
"(၄၃၅)မှတ်တိုင်",96.161612,16.870354,"18,32,42"
"(၄၃၆)မှတ်တိုင်",96.167743,16.86673,"18,32,42"
"(၄၄)လမ်းဆုံ",96.181029,16.892889,"2,10,27,28"
"(၄၅)မှတ်တိုင်",96.194934,16.894696,"2,12,27"
"(၄၆)မှတ်တိုင်",96.192437,16.898674,"12"
"(၄၆)လမ်း",96.168568,16.776539,"4,34,56,57,58"
"(၄၆)လမ်းဆုံ",96.192646,16.898695,"2,10,27,28"
"(၄၈)ဂိတ်",96.097422,16.88635,"40"
"(၄၉)အစိမ်းဂိတ်",96.211778,16.791127,"4,10,31"
"(၅)ကွေ့",96.206371,16.791045,"4,10,31"
"(၅)ထပ်ကြီး",96.163007,16.810709,"12,20,29,59"
"(၅)ထိပ်",96.071252,16.876936,"22,61"
"(၅)လမ်း",96.156913,16.874128,"10,15,16,19,28,36"
"(၅၀)ကွေ့",96.186887,16.908431,"12,15,31,56,58"
"(၅၄)သမ",96.244973,16.859892,"6,7"
"(၅၆)",96.246346,16.861514,"6,7"
"(၆)ကွေ့",96.162873,16.919091,"2,16,17,18,19,32,36,42"
"(၆)ထပ်ကြီး",96.165464,16.811207,"12,20,29,59"
"(၆)ထပ်ရုံး",96.157348,16.770799,"57,58"
"(၆)မိုင်ခွဲ",96.135706,16.844405,"30,35,37,61"
"(၆)လမ်း",96.185098,16.803807,"26,27,36"
"(၆)သမ",96.050545,16.879256,"54"
"(၆၂)",96.250144,16.880796,"7"
"(၆၄၆)",96.114596,16.931177,"17,42,44"
"(၆၅)ရပ်ကွက်",96.242613,16.83494,"4,8"
"(၇)ဈေး",96.205727,16.799015,"8,34"
"(၇)မိုင်",96.141118,16.856072,"30,35,37,61"
"(၇/၈)လမ်းဆုံ",96.196178,16.892417,"2,12,25,26,27,29,30"
"(၇၀/၇၁)ဈေး",96.254781,16.870745,"6,7"
"(၈)ဂိတ်",96.213709,16.805075,"5,9,32,33,34"
"(၈)မိုင်",96.141839,16.865924,"6,15,16,19,35,37,61"
"(၈၁)ဂိတ်",96.082014,16.951868,"40"
"(၈၂)",96.119378,17.054897,"55"
"(၈၉)ကွေ့",96.278468,16.842498,"5"
"(၉)ဂိတ်",96.119764,17.051861,"55"
"(၉)ထပ်ကြီး",96.128136,16.803843,"11,20,59"
"(၉)မိုင်",96.134968,16.881858,"6,35,37"
"(၉)မိုင်ခွဲ",96.135772,16.884384,"6,35,37"
"(၉)လမ်း",96.184979,16.792401,"24,26"
"(၉၁)ဂိတ်",96.084144,17.100884,"55"
"ကဒစ်",96.229112,17.164041,"45"
"ကနောင်ကွေ့",96.276387,16.832311,"5"
"ကန်ကုန်း",95.954411,17.268695,"55"
"ကန်သာယာ",96.165506,16.913081,"2,15,16,18,19,32,36,39,42,44"
"ကပရ",96.207591,16.869967,"2,24,25"
"ကမာရွတ်",96.120111,16.840588,"11,22"
"ကမ္ဘာအေးဘုရားလမ်း",96.156653,16.856873,"6,10,28,30,36"
"ကမ်းနားဈေး",96.121868,16.812526,"14,19,20,23,30,40,41"
"ကရင်ဆိပ်သမ",96.366034,16.763783,"34"
"ကရင်ဆိပ်အနောက်ဖျား",96.362257,16.764111,"34"
"ကလိုင်ထော်",96.155341,17.057769,"44"
"ကလီ",96.140525,16.777481,"58"
"ကလီထော်",96.226666,17.143579,"45"
"ကားကြီးဂိတ်",96.208838,16.847427,"1,3,6,7,16,17,19,24,25,34,40,42,60"
"ကားကြီးတဲ",96.400734,16.754824,"34"
"ကားလေးဂိတ်",96.238001,16.851626,"2,7,27,40,42"
"ကိုတင်မောင်ခြံဝ",96.305888,16.696011,"33"
"ကိုးသုံးလုံး",96.074427,16.98212,"40,42"
"ကီလီ",96.139414,16.775124,"56,57,58"
"ကုက္ကိုင်း",96.152954,16.823467,"14,38"
"ကုက္ကိုင်း/ကျောင်းရှေ့",96.155217,16.820614,"28,36"
"ကုန်ဈေးတန်း",96.155131,16.777137,"58"
"ကုန်တိုက်",96.234933,16.848073,"2,7"
"ကုန်ပဒေသာ",96.200534,16.884656,"2,3,6,12,25,26,29,30"
"ကုန်းကွေ့",95.961106,17.211272,"55"
"ကုန်းတလပေါင်",96.144658,17.000732,"36"
"ကုန်းထိပ်",96.128899,17.004467,"35,37,41,44"
"ကုလားကုန်း",95.995266,17.164369,"55"
"ကုလားကျောင်း",96.120693,16.865719,"15,21,39,41"
"ကုလားစု",96.197144,16.835063,"1,3,7,24"
"ကုလားဈေး",96.171954,16.82238,"14,26,27"
"ကုလားဘုရား",96.128758,16.905906,"11,14,26,27,35,37,41,60"
"ကေတုမာလာကွေ့",96.172008,16.856031,"6,10,30,32"
"ကော်စက်",96.188326,16.814,"9,18,24,25,59"
"ကံမြင့်",96.410859,16.749975,"34"
"က္ကန္ဒာ",96.166135,16.90722,"16,18,19,32,36,42"
"ကျန်းမာရေး",96.178583,16.891657,"2,3,6,8,10,15,27,28,34"
"ကျားဘုရား",96.256536,16.757727,"31,32,33,34"
"ကျိုက္ကစံဘုရား",96.189955,16.838123,"1,14,26,27,60"
"ကျိုက္ကလို့",96.12702,16.952053,"35,37,41,44"
"ကျိုက္ကလဲ့/ဆပ်ပလိုင်း",96.127986,16.944294,"35,37,41,44"
"ကျိုက်ဝိုင်း",96.128717,16.86674,"15,16,19,61"
"ကျိုက်အင်း",96.289304,16.718762,"33"
"ကျုံးကြီးဂိတ်",96.136989,16.777517,"56,57,58"
"ကျောက်ကုန်း",96.169935,16.831469,"14,26,27,60"
"ကျောက်တန်း",96.327345,16.633314,"33"
"ကျောက်တိုင်",96.195665,16.804582,"5,9,10,12,28,29,32,33,36,61"
"ကျောက်မြောင်းဈေး",96.175646,16.804151,"9,25"
"ကျောက်ရေတွင်း",96.154359,16.887233,"10,15,16,18,19,28,32,36,42"
"ကျောက်လမ်း",96.234031,16.883578,"1,17,19,46"
"ကျောင်းကွေ့",96.174892,16.889707,"2,8,10,18,27,28,30,32,34,35,37,42,61"
"ကျောင်းကွေ့/ထူပါရုံ",96.205941,16.803945,"5,9,32,33"
"ကျောင်းဂိတ်",96.097215,16.917978,"21,39,40"
"ကျောင်းရှေ့",96.25229,16.911326,"1,3,4,6,7,14,17,18,20,22,26,27,31,35,36,37,39,41,43,44,46,59"
"ကျောင်းရှေ့/ကုန်းဆင်း",96.126583,16.825525,"14,30,38,41"
"ကျောင်းရှေ့/ဓမ္မာရုံ",96.132192,16.826485,"14,38"
"ကျောင်းလမ်း",96.193045,16.871474,"12,14,15,16,17,18,19,20,22,25,26,29,30,32,38,39,42,44,54,59"
"ကျောင်းလမ်းထိပ်",96.211392,16.889974,"24"
"ကျောင်းလေးရှေ့",96.18296,16.893916,"2,10,27,28"
"ကျော်စွာ",96.076959,16.969006,"40,42"
"ကျေးတမာ",96.187715,16.850908,"14,26,27"
"ကျွန်းကလေး",96.19267,17.083697,"44"
"ကျွန်းချောင်း",95.961578,17.214592,"55"
"ကျွဲလမ်း",95.980933,17.179335,"55"
"ကြက်ခြံပေါက်",95.99458,17.168101,"55"
"ကြက်ဖြူကန်",96.10023,17.086486,"55"
"ကြည်မြင်တိုင်ညဈေး",96.125928,16.809789,"11,22"
"ကြည့်မြင်တိုင်ညဈေး",96.121878,16.809214,"14,19,20,23,30,40,41"
"ကြည့်မြင်တိုင်ဘူတာ",96.125733,16.806392,"11,22"
"ကြယ်ငါးပွင့်",96.210018,16.791476,"4,10,31,34"
"ကြာကန်",96.231433,16.84375,"2,7,45"
"ကြာနီကန်",96.301725,16.740729,"34"
"ကြားမှတ်တိုင်",96.190642,16.897899,"2,10,12,14,27,28,29"
"ကြိုဆိုပါ၏",96.50995,16.759221,"34"
"ကြိုဆိုရေး",96.263776,16.924359,"1,46"
"ကြို့ကုန်း",96.112429,16.87864,"15,21,39,41"
"ကြို့ကုန်းလမ်းဆုံ",96.10449,16.871679,"15,40,61"
"ကြို့ကုန်းလမ်းသစ်",96.199844,17.247302,"45"
"ကြိုးတံတား",96.172362,16.908452,"15"
"ကြံ့ခိုင်ရေး",96.117232,17.060764,"55"
"ကြွေ(၁)",96.120725,16.861216,"15,16,19,61"
"ကွက်သစ်",96.084879,17.003523,"39,44"
"ကွင်းကျောင်း",96.122913,16.791815,"14,19,23,30,40,41"
"ကွန်ပျူတာ",96.088184,16.998896,"39,44"
"ကွမ်းယာဆိုင်",96.232442,16.860241,"2,6,7,31,34"
"ခင်မမကြား",96.198496,16.784225,"8,34"
"ခန်းမ",96.214632,16.790942,"4,10,31"
"ခပ်ချီးယား",96.186427,16.826232,"3,7,10,18,24,32"
"ခရေပင်လမ်းခွဲ",96.131352,16.928026,"11,17,35,37,41,42,44"
"ခဝဲခြံ",96.11949,16.869482,"15,21,39,41"
"ခိုင်ရွှေဝါ",96.125046,16.825677,"11,22"
"ခေမာ",96.167554,16.886011,"2,10,27,28"
"ခေါင်သုံးလုံး",96.084074,16.957061,"42"
"ချင်းမလေးကရင်ဆိပ်(ကရင်ဆိပ်)",96.370497,16.762961,"34"
"ချန်မာဖီ",96.129582,16.787414,"22,59"
"ချမ်းမြေ့သာယာ",96.319921,16.649843,"33"
"ချမ်းအေး",95.991361,17.170848,"55"
"ချမ်းအေးသွားဆေး",96.20798,16.832865,"25,42,59"
"ချောင်း(၁)",96.31181,16.74566,"34"
"ချောင်းဝ",96.11603,16.833543,"19,20,23,38,40"
"ချော်တွင်းကုန်း",96.157675,16.850728,"6,10,28,30,36"
"ခြောက်လမ်းသွား",96.296875,16.738345,"34"
"ခြံပေါက်",96.12717,17.008304,"35,37,41,44"
"ခြံဝိုင်း",96.343267,16.762755,"34"
"ခွန်ထိပ်",96.516387,16.760125,"34"
"ဂန္ဓာရုံ",96.164271,16.886627,"2,10,28"
"ဂန္ဓီ",96.174186,16.773757,"4,31,34"
"ဂါတ်တဲကွေ့",96.325285,16.638371,"33"
"ဂိတ်(၁)",96.311939,16.683144,"33"
"ဂိတ်ဝ",96.217443,16.79125,"4,10,31,33"
"ဂိတ်ဟောင်း",96.193324,16.83915,"1,2,3,6,10,14,17,22,26,27,28,33,36,37,39,41,44,55,60"
"ဂိတ်ဟောင်းကွေ.",96.173134,16.91421,"15"
"ဂျပန်ဆိုက်",95.999343,17.140749,"55"
"ဂျပန်လမ်း",96.097151,16.903832,"21,39,40"
"ဂျမခါနာ",96.133341,16.782858,"22,59"
"ဂျမား",96.161275,16.801326,"8"
"ဂျီတီစီဆိုက်သစ်",96.006424,17.124304,"55"
"ဂျီတီစီရေအိုး",96.005266,17.127175,"55"
"ဂျီတီစီအလယ်ပေါက်",96.00445,17.129102,"55"
"ဂျီအီးစီ",96.227206,16.844346,"7,60"
"ငပိတဲ",96.226451,17.115199,"45"
"ငပိအုတ်ပေါက်",96.487291,16.753222,"34"
"ငမောက်ဈေး",96.076852,16.97976,"40,42"
"ငါးစု",96.295502,16.707808,"33"
"ငုံးခြံ",96.295502,16.737647,"34"
"ငြိမ်းချမ်းရေး",96.071767,16.986696,"40,42"
"ငှက်ပျောခြံ",95.962265,17.220003,"55"
"စကားဝါ",96.214001,16.819443,"42"
"စက်မှု(၁)",96.157256,16.827587,"14,38"
"စက်မှု(၁)/မြန်မာပလာဇာ",96.154484,16.827811,"28,36,38"
"စက်မှုဇုံ",96.082293,16.856842,"16,20,23"
"စက်မှုဇုံ(၂)",96.229738,16.842231,"7,60"
"စက်မှုဇုံဈေး",96.232545,16.838801,"2,60"
"စက်ရုံရှေ့",96.214762,16.817646,"42"
"စခန်းကြီး",96.226966,17.122499,"45"
"စစ်ကြောရေး/လျှော်ရွေး",96.110927,16.848166,"19,20,23,40"
"စစ်စည်းတော",96.283529,16.724084,"33"
"စစ်တပ်",96.097276,16.957841,"39,42,44"
"စစ်တောင်းလမ်း",96.1962,16.873116,"12,26,29,30"
"စစ်တောင်းလမ်းထိပ်",96.234262,16.831941,"2,60"
"စစ်ပင်ကွင်း",96.317475,16.748537,"34"
"စည်ပင်",96.235249,16.930705,"27"
"စည်ပင်လမ်းခွဲ",96.180661,17.320119,"45"
"စနေမ",96.041576,16.872213,"22,61"
"စန်းသော်တာ",96.226661,17.104422,"45"
"စမ်းချောင်းပေါက်",96.092513,17.095716,"55"
"စလင်းကွင်း",96.125934,16.812793,"11,22"
"စာတိုက်",96.174755,16.784522,"5,6,8,10,11,14,19,20,23,24,26,28,30,34,35,36,37,40,41"
"စာတိုက်ကြီး",96.162463,16.769155,"58"
"စာဘူးတောင်း",96.227009,17.207336,"45"
"စိတ်ကျန်းမာရေးဆေးရုံ",96.25701,16.962221,"27"
"စိန်ဂျွန်း",96.144171,16.781605,"21,35,37,39"
"စိန်နဂါး",96.207054,17.09145,"44"
"စိန်ပန်း",96.196543,16.900465,"10,28"
"စိန်ပေါ(လ်)",96.167256,16.77744,"7"
"စိမ်းလဲ့ဦး",96.159289,17.060682,"44"
"စိုက်ပျိုးရေး",96.133288,16.817307,"21,33,35,37,39,61"
"စိုက်ပျိုးရေးကွေ့",96.514971,16.760701,"34"
"စိုက်ရှေ့",96.172936,16.875272,"27"
"စီပီလိုက်",96.133307,17.020738,"35,37,41,44"
"စီမံကိန်း",96.19854,16.84756,"6,14,26,27,42"
"စီးပွားရေးတက္ကသိုလ်",96.267761,16.929063,"1,46"
"စုပေါင်း",96.198689,16.818837,"25,59"
"စုပေါင်းရုံး",96.019127,17.105724,"55"
"စော်ဘွား",96.294129,16.71126,"33"
"စော်ဘွားကြီးကုန်းလမ်းဆုံ",96.11963,16.892992,"11,35,37,41"
"စံပယ်",96.17086,16.914375,"15"
"စံပြ",96.144935,16.778647,"21,35,37,39,45,58"
"စံပြဈေး/ငမိုးရိပ်",96.204405,16.841871,"1,3,6,7,24,42,60"
"စံပြဈေးကွေ့",96.207317,16.83951,"25,42,59"
"စံရိပ်ငြိမ်",96.129445,16.830791,"21,39,41"
"စွမ်းအင်",96.202573,16.880857,"2,12,24,25,26,29,30"
"ဆက်သွယ်ရေး",96.190127,16.870036,"12,14,26,29,30,55"
"ဆင်နှစ်ကောင်",96.075972,16.981648,"40,42"
"ဆင်ဖုံကွေ့",96.190728,16.934195,"17,19"
"ဆင်မင်း",96.126548,16.970032,"35,37,41,44"
"ဆင်မင်းဈေး",96.123911,16.789104,"14,19,22,23,30,40,41,59"
"ဆင်မလိုက်",96.121852,16.81971,"14,19,20,23,30,40,41"
"ဆင်ရေတွင်း",96.128565,16.833769,"21,39,41"
"ဆည်မြောင်း",96.262463,16.922925,"1,16,17,19,31,32,33,34,46"
"ဆည်မြောင်းရုံး",96.226326,17.111672,"45"
"ဆဒုံဒူးဝါး",96.223108,16.891083,"24"
"ဆန္ဒတူ",96.389379,16.758358,"34"
"ဆန်စက်",96.28516,16.722851,"33,44"
"ဆပ်ပလိုင်း",96.060094,17.106442,"55"
"ဆယ့်တစ်တော",96.088436,17.09789,"55"
"ဆရာတော်ကြီး",96.094426,16.895825,"40"
"ဆိုက်ကားဂိတ်",96.123331,16.831664,"11,22,54"
"ဆိုက်သစ်",96.145109,17.015301,"36,55"
"ဆိုင်းဘုတ်",96.143864,16.994658,"36"
"ဆီဆိုင်",96.203924,16.784553,"4,8,31,33,34,56,58"
"ဆီအုန်း",96.234391,17.188273,"45"
"ဆူးလေပန်းခြံ",96.159584,16.773932,"4,7,57"
"ဆူးလေမြို့တော်ခန်းမ",96.158876,16.776192,"7,12,28,29,36,61"
"ဆောက်လုပ်ရေး",96.24063,16.828696,"2,4,5,8,10,16,20,23,31,32,33,34,39,42,44,54,55,60"
"ဆောက်လုပ်ရေး(မှော်ဘီ)",95.988915,17.173062,"55"
"ဆောက်လုပ်ရေးလမ်းခွဲ",96.203706,17.347648,"45"
"ဆောက်လုပ်ရေးသစ်",95.993679,17.168962,"55"
"ဆောင်(၂)",96.097108,16.912065,"21,39,40"
"ဆေးကျောင်း",96.133996,16.920338,"11,35,37,41"
"ဆေးခန်း",96.076704,16.958559,"40,42,55"
"ဆေးဂဲလ်",96.127964,17.01643,"35,37,41,44"
"ဆေးတပ်",96.076248,17.106627,"55"
"ဆေးရုံ",96.170384,16.799372,"8"
"ဆေးရုံကုန်း",96.185596,17.327411,"45"
"ဆေးရုံကြီး",96.150594,16.779607,"56"
"ဆေးရုံကွေ့",96.185986,16.930274,"17,19"
"ဆေးရုံရှေ့",96.23963,16.891247,"1,22,46"
"ဆေးဝါး",95.997155,17.15379,"55"
"ဇင်ယော်",96.083139,16.947126,"40"
"ဇဝန",96.188176,16.828111,"1,3,7,10,18,32"
"ဈေးကွေ့",96.162695,16.82237,"12,14,29,33"
"ဈေးဘူတာ",96.112893,16.860102,"15,16,19,61"
"ဈေးလမ်း",96.043788,16.89486,"17,22"
"ဈေးလေး",96.183548,16.809938,"9,10,17,18,22,24,25,28,54,59"
"ညောင်ကုန်း",96.207268,17.230948,"45"
"ညောင်တန်း",96.175217,16.77856,"5,24,26"
"ညောင်နီတံတား",96.45823,16.748167,"34"
"ညောင်ပင်",96.248939,16.905454,"1,6,10,15,30,31,34,36,40,42,45,46,61"
"ညောင်ပင်လေးဈေး",96.327424,16.753674,"34,56,57,58"
"ညောင်ဝိုင်း",96.321595,16.667563,"33"
"တကောင်း",96.173497,16.85482,"10,12,18,32"
"တစ်ဆယ့်ငါး",96.1095,17.074015,"55"
"တစ်ရာ့လေးဆယ်",96.255732,16.915075,"1,46"
"တပ်ထိပ်",96.089095,16.85445,"16,18,20,23,32,36,42"
"တပ်ဖွဲ့",96.196739,16.799616,"5,9,10,33"
"တပ်ရင်း(၃)",96.230459,16.878599,"1,46"
"တပ်ရင်း(၉)",96.14453,17.003503,"36"
"တရားရုံး",96.150602,16.948091,"36"
"တာဆုံ",96.083366,17.005462,"39,43,44"
"တာမွေဈေး/တာမွေဗလီ",96.176172,16.807725,"9,25"
"တာမွေဈေးဟောင်း/အခွန်လွတ်ဈေး",96.174892,16.813353,"18"
"တာမွေပလာဇာ",96.175378,16.810768,"26,59"
"တာမွေဗလီ",96.17689,16.809481,"9,18,25,26,59"
"တိုက်ကြီးခန်းမ",95.966084,17.311105,"55"
"တိုက်ကြီးဈေး",95.963472,17.31384,"55"
"တိုက်ကြီးတာခွ",95.970529,17.288119,"55"
"တိုက်ကြီးဖောင်ကြီးလမ်းခွဲ",95.975229,17.294142,"55"
"တိုက်တူးကန်",96.456943,16.748167,"34"
"တိုးချဲ့",96.044236,16.86825,"16,20,23"
"တောင်/မြောက်လမ်းဆုံ",96.21628,16.863198,"1,2,3,6,7,24,25,46,60"
"တောင်ဘက်မုခ်",96.150696,16.794861,"8,11"
"တောင်မို့/လှည်းလမ်း",96.428969,16.747756,"34"
"တောင်ဥက္ကလာစာတိုက်",96.179625,16.846759,"10,12,18,29,32,38"
"တောင်ဥက္ကလာပဘုရား",96.185483,16.852869,"6,14,26,27,29,38,42"
"တော်ဝင်",96.078163,16.965999,"40,42"
"တံတားထိပ်",96.237529,16.856103,"2,3,6,10,24,25,33,40,42"
"တံတားနီ",96.448274,16.747921,"34"
"တံတားဖြူ",96.212375,16.857859,"1,3,6,7,17,19,24,25,30,34,35,36,37,60,61"
"ထန်းခြောက်ပင်",96.076328,16.956804,"40,42"
"ထန်းတပင်တာဆုံ",96.036361,17.097849,"55"
"ထန်းပင်ကန်",96.176498,17.072498,"44"
"ထန်းပင်ကုန်း",96.124123,16.900548,"11,35,37,41"
"ထမနီးကုန်းထိပ်",96.319535,16.676402,"33"
"ထမနီးဘုန်းကြီးကျောင်းရှေ့",96.317389,16.679321,"33"
"ထားမလုံ",96.297305,16.705506,"33"
"ထားဝယ်ချောင်",96.175965,16.908062,"15"
"ထိန်သုံးပင်",96.226838,17.138412,"45"
"ထူပါရုံ",96.201414,16.793859,"10"
"ထောက်ကြန့်လမ်းဆုံ",96.133282,17.042671,"35,36,37,41,44,55"
"ထောင်ဘူးဝ",96.100316,16.886265,"15,22"
"ထော်လီကွေ့",96.130064,16.781487,"14,23,30,40,41"
"ဒဂုံတက္ကသိုလ်",96.21358,16.915925,"25,26,28,29,30"
"ဒဂုံဧရာအဝေးပြေး",96.024342,16.87807,"16,17,20,23,61"
"ဒညင်းကုန်းလမ်းဆုံ",96.102169,16.934118,"17,21,39,40,42,44"
"ဒါကုရ်",96.24658,16.770732,"32,33"
"ဒီဇင်ဘာအလယ်ပေါက်",96.280096,16.94335,"1,46"
"ဒူးယားလမ်း",96.182274,16.907733,"15"
"ဒေဝဒဟ",96.198989,16.843956,"1,14,26,27,60"
"ဒေဝူး",96.131376,17.018543,"35,37,41,44"
"ဒေါင်းလေးကွေ့",96.01033,17.115322,"55"
"ဓမ္မာရုံ",96.158284,16.924198,"2,4,15,16,17,18,19,31,32,36,42"
"နည်းပညာတက္ကသိုလ်",96.012218,16.870139,"17,23,61"
"နည်းပညာတက္ကသိုလ်(ဂျီတီယူ)",96.307518,16.689968,"33"
"နတ်စင်",96.222249,16.869256,"1,46"
"နတ်စင်ကုန်း",96.292326,16.71348,"33"
"နတ်စင်တစ်ရာ",96.280138,16.726345,"33"
"နတ်စင်လမ်း",96.125928,16.814534,"11,14,19,20,22,23,30,40,41,55"
"နတ်မောက်ကျောင်းရှေ့",96.165105,16.800253,"8"
"နန္ဒဝန်ဈေး",96.176008,16.852129,"10,12,18,32"
"နယ်မြေရုံး",96.205727,16.789443,"4,8,31,34"
"နဝဒေး",96.152638,16.866879,"6,15,16,19,20,23,30"
"နဝရတ်",96.076037,16.97231,"40,42"
"နာရီစင်",96.181866,16.866176,"12,14,26,29,30"
"နိုင်ငံရေး",96.129552,16.938629,"35,37,41,44"
"နီလာ",96.143972,16.99277,"36"
"နေလ",96.303356,16.74151,"34"
"နွယ်ခွေ",96.13423,17.022154,"35,36,37,41,44"
"နွယ်သာဂီ",96.156623,16.909601,"2,15"
"နွားခြံ",96.091422,16.99431,"39,44"
"နှစ်ထပ်ကွေ့",96.473429,16.750715,"34"
"နှုတ်ခမ်းမွှေးသိုက်",96.232588,17.180237,"45"
"ပင်းယ",96.176045,16.85955,"6,12,18,30,32"
"ပဒုမ္မာ",96.08636,17.001461,"39,44"
"ပဒေသာ",96.183183,16.84163,"10,18,32"
"ပန်းခြံ",96.218709,16.851575,"3,6,7,17,42,44,60"
"ပန်းခြံကုန်း",96.131848,16.9111,"11,35,37,41"
"ပန်းဆိုးတန်း",96.163811,16.776767,"4,7,56,57,58"
"ပန်းဆိုးတန်း(ဆိပ်ကမ်းသာလမ်း)",96.162675,16.771765,"56"
"ပါဒကြီး",96.318591,16.656462,"33"
"ပါရမီ",96.180621,16.9313,"16"
"ပိတောက်ကွေ့",96.269383,16.827094,"3,4,5"
"ပိတောက်ချောင်း/သီရိမင်္ဂလာဈေးသစ်",96.112167,16.843268,"19,20,23,38,40"
"ပိတောက်လမ်း",96.101595,16.875683,"15,40,61"
"ပုဇွန်တောင်ဈေး",96.174337,16.781651,"5,24,26"
"ပုည",96.093371,16.978775,"39,44"
"ပုဏ္ဏမီ",96.176244,16.843463,"12,29,38"
"ပုလဲ",96.398242,16.755852,"34"
"ပုလဲမော်တော်ဆိပ်",96.39631,16.755811,"34"
"ပုလဲလမ်း",96.084341,16.944171,"40"
"ပုလဲလမ်းဆုံ",96.147276,16.981915,"36"
"ပုလဲအိမ်ယာ",96.147727,16.968842,"36"
"ပေါက်တောဝ",96.097787,16.884928,"15,22,40,61"
"ပေါ်ဆန်းမွှေး",96.202843,16.821374,"25,59"
"ပဲခူးကလပ်",96.14207,16.787286,"21,35,37,39"
"ပဲခူးလမ်း",96.038057,16.887079,"17,22,54"
"ပဲလှော်ဖို",96.323869,16.640715,"33"
"ပျဉ်းမကန်",96.413985,16.749489,"34"
"ပျော်ဘွယ်",96.082667,16.949138,"40"
"ပြည်တော်သာ",96.097528,16.900712,"21,40"
"ပြည်တော်သာ/(GTI)ထိပ်",96.09682,16.9014,"21,39"
"ပြည်ရိပ်မွန်",96.12581,16.82199,"11,22"
"ပွင့်ဦး",96.454625,16.747921,"34"
"ဖရဲခင်း",95.984581,17.175604,"55"
"ဖိနပ်စက်",95.997884,17.148787,"55"
"ဖိုက်စတား",96.438746,16.747921,"34"
"ဖိုးစိန်လမ်း",96.167793,16.800102,"8"
"ဖိုးမြေ",96.24652,16.761831,"32,33"
"ဖောင်ကြီးတာဆုံ",96.179202,17.32229,"45"
"ဖော့ကန်ဈေး",96.097559,16.906481,"21,39,40"
"ဖြိုးစံပယ်",96.170794,16.887715,"2,10,27,28"
"ဗညားဒလ",96.18502,16.894943,"2,10,27,28"
"ဗထူးဈေး",96.186908,16.895887,"2,10,27,28"
"ဗန်ဒါပင်",96.160738,16.810236,"12,20,29,59"
"ဗဟန်းသုံးလမ်း",96.157061,16.798112,"8,12,28,29,36,61"
"ဗဟိုစည်/မော်တင်",96.140015,16.780018,"56"
"ဗဟိုဈေး",96.172768,16.840362,"12,29,38"
"ဗဟိုရုံး",96.16701,16.769017,"34,57,58"
"ဗဟိုဝန်ထမ်းတက္ကသိုလ်",96.18727,17.331385,"45"
"ဗိုလ်ကုန်း",96.106313,16.900876,"21,39"
"ဗိုလ်ချုပ်",96.077541,16.858485,"16,20,23"
"ဗိုလ်ချုပ်ကွေ့",96.13674,16.78028,"56"
"ဗိုလ်ချုပ်ဈေး",96.154408,16.779469,"56"
"ဗိုလ်တထောင်ဈေး",96.175366,16.76933,"24,26"
"ဗိုလ်တထောင်ဘုရား",96.172158,16.769463,"24,26,34,57,58"
"ဗိုလ်တဲကုန်း",96.435921,16.747921,"34"
"ဗိုလ်မင်းခေါင်",96.213731,16.891267,"24"
"ဗိုလ်သင်တန်း",96.077921,17.105355,"55"
"ဗျိုင်းရေအိုးစင်",96.172127,16.806492,"3,7,20,27"
"ဘဏ်ရှေ့",96.520489,16.762735,"34"
"ဘဝမြင့်",96.199817,16.837507,"1,3,7,14,24,26,27,60"
"ဘာတာ",96.124295,16.851411,"21,39,41"
"ဘားလမ်း",96.160721,16.77689,"4,7,34,58"
"ဘိုကလေးဈေး",96.165646,16.774055,"4,7,56,57,58"
"ဘိုခြံ",96.100649,16.929699,"21,35,37,39,40,41,44"
"ဘီပီအိုင်",96.116635,16.875026,"15,21,39,41"
"ဘီအာဘီ",96.124027,16.829474,"11,22"
"ဘီအိုစီ",96.195097,16.832963,"1,3,7,11,15,16,20,21,22,23,24,35,37,39,41,54,61"
"ဘုန်းကြီးကျောင်း",96.102614,16.942929,"39,42,44"
"ဘုန်းကြီးကျောင်းကွေ့",96.24019,16.854162,"2,3,6,7,40"
"ဘုန်းကြီးလမ်း",96.155602,16.881761,"10,15,16,18,19,21,24,28,32,36,42"
"ဘုရ",96.10936,16.851349,"19,20,23,40"
"ဘုရင့်နောင်",96.211692,16.822534,"42"
"ဘုရင့်နောင်ဈေး/ဈေးပွဲရုံ",96.10685,16.864492,"15,40,61"
"ဘုရင့်နောင်လမ်းဆုံ",96.109116,16.859384,"15,16,19,20,23,40,61"
"ဘုရားကုန်း",96.181047,17.316472,"45"
"ဘုရားကုန်းလမ်းဆုံ",96.273873,16.729016,"31,32,33,34"
"ဘုရားရှေ့",96.2068,16.802035,"8,31,32,33,34"
"ဘုရားလမ်း",96.193281,16.831222,"1,3,7,16,20,21,23,24,29,38,39,41,54"
"ဘုရားလေး",96.22903,16.812716,"8,9,33,35,37,41,44,60"
"ဘုရားလေးတံတား",96.49317,16.753962,"34"
"ဘူတာဈေး",96.093934,16.933928,"17,21,40"
"ဘူတာရုံလမ်း",96.121173,16.837255,"11,19,20,21,22,23,38,39,40,41"
"ဘေလီ",96.178992,16.859851,"6,12,14,18,26,27,29,30,32,38,42"
"ဘောလုံးစက်ရုံ",95.998271,17.150017,"55"
"ဘောလုံးရဲဂိတ်",95.997369,17.152068,"55"
"မင်းကုန်း",96.207826,17.350679,"45"
"မင်းစေတီ",96.095801,16.89023,"40"
"မင်းထူးကျော်",96.182338,16.927154,"16,17"
"မင်းဒင်",96.20428,16.82235,"25,59"
"မင်းလမ်း",96.164948,16.819669,"12,14,29"
"မင်္ဂလာဈေး",96.174659,16.791823,"8,9,33"
"မင်္ဂလာဈေး/(၄)လမ်း",96.172326,16.791643,"7,20"
"မင်္ဂလာဒုံဈေး",96.130131,16.93479,"35,37,41,44"
"မင်္ဂလာမွန်ဈေး",96.172931,16.794101,"3,8,25,27,33"
"မဆလာစက်",96.169445,16.790316,"7,20"
"မဆလာစက်/ဂန္ဓီ",96.174755,16.776438,"4,5,31"
"မဉ္ဇူလမ်း",96.162165,16.850959,"6,10,30"
"မညက",96.104942,16.897026,"21,39"
"မနီ",95.996726,17.156578,"55"
"မန္တလေးလမ်း",96.198868,16.8744,"12,26,29,30"
"မရင်ကွေ့",96.334376,16.756879,"34"
"မဝတ",96.204697,16.876894,"2,24,25,29,30"
"မဝတရုံးရှေ့/အိုးအိမ်",96.264843,16.832352,"3,4"
"မဟာစည်",96.140015,16.872582,"6,35,37"
"မဟာမြိုင်",96.13596,16.808185,"21,35,37,39,61"
"မာန်ပြေ",96.19412,16.778452,"4,8,31,34"
"မာလာ",96.132472,16.832085,"30,35,37,61"
"မိန်းမလိုင်း",96.090753,17.096659,"55"
"မိသားစုတံတား",96.504285,16.757167,"34"
"မိုင်(၂၀)",96.06932,16.922761,"17,21"
"မိုးကောင်း",96.166131,16.837804,"12,29,38"
"မိုးစွေ",96.189614,16.85024,"6,14,26,27,42"
"မီးခွက်ဈေး",96.051695,16.87404,"22,54,61"
"မီးစက်",96.107833,17.076723,"55"
"မီးစက်(မှော်ဘီ)",96.038142,17.098033,"55"
"မီးဒုံး",96.205471,16.823418,"25,59"
"မီးပွိုင့်",96.247011,16.779109,"31,32,33,34"
"မီးသတ်",96.183432,16.928119,"17,19"
"မီးသွေးဆိုင်",96.203603,16.782047,"4,31"
"မုခ်ဝ",96.204178,16.90488,"10,25,26,27,28,29,30"
"မုခ်ဦး(ယုဇနဥယျာဉ်)",96.269968,16.832393,"3,4,5"
"မုန့်ဖို",96.287005,16.951191,"1,46"
"မေတ္တာ",96.172931,16.911973,"15"
"မေတ္တာရွှေရည်",96.201072,16.838739,"1,3,7,24"
"မေဓာဝီ",96.155035,16.899234,"2,15"
"မောင်ခိုင်",96.15187,16.774456,"57"
"မော်ကျွန်း",96.17618,16.923274,"16,17,19"
"မော်တင်",96.142021,16.774651,"21,35,37,39,56,57,58"
"မော်တော်ယာဉ်",96.074188,17.108185,"55"
"မျောက်ချောကုန်း",95.961835,17.202007,"55"
"မြင်သာဈေး",96.181911,16.856863,"6,14,26,27,29,38,42"
"မြင်းလှည်းဂိတ်",96.102603,16.944725,"39,42,44"
"မြနန္ဒာ",96.255509,16.835186,"3,4"
"မြရတနာ",96.155967,16.908739,"2,15"
"မြလမ်း",96.16748,16.816393,"12,14,29"
"မြဝတီ",96.190835,16.901964,"12"
"မြိုင်ဟေဝန်ပန်းခြံ",96.143438,16.866771,"6,15,16,19,30"
"မြို့ချောင်း",96.00106,17.137018,"55"
"မြို့မ",96.246542,16.768015,"32,33"
"မြို့မဈေး",96.24622,16.763618,"32,33"
"မြို့လျှောက်လမ်း",96.141779,17.048292,"44"
"မြို့သစ်",96.111292,16.875129,"11,22"
"မြို့သစ်ဈေးု",96.099803,16.879636,"15,40,61"
"မြို့ဦးကျောင်း",96.230308,16.861822,"2"
"မြို့ဦးစေတီ",96.212615,16.862623,"2,24,25"
"မြေနီ",96.210641,16.803884,"5,8,9,32,33,34"
"မြေနီကုန်း",96.138154,16.803768,"11,20,59,61"
"မြေနီကုန်း(ပြည်လမ်း)",96.136748,16.805399,"21,35,37,39,61"
"မြေနီလမ်း",96.196551,16.802477,"5,9,10,33"
"မြောက်ဘက်မုခ်",96.148953,16.801141,"11"
"မြောက်ဥက္ကလာအဝိုင်း",96.155151,16.892684,"10,15,16,18,19,28,32,36,42"
"မြောင်းတကာစိန်ကုလား",95.971234,17.182697,"55"
"မြောင်းတကာတာဆုံ",95.974324,17.181754,"55"
"မြောင်းတကာရေကျော်",95.968745,17.187084,"55"
"မြွေဘုရား",96.321337,16.66263,"33"
"မွေးမြူရေး",96.127127,17.014152,"35,37,41,44"
"မှတ်တမ်းရုံး",96.170742,16.827556,"14,26,27"
"မှန်ကုန်း",96.227567,17.129841,"45"
"မှိုုရုံ",96.144401,16.989097,"36"
"မှော်ဘီကားလေးဂိတ်",96.040374,17.100905,"55"
"မှော်ဘီဈေး",96.042713,17.101089,"43,55"
"ယုဇနပလာဇာ/လမ်းကျယ်",96.175571,16.794501,"3,7,9,20,25,27,33"
"ယူနစ်(၃)",96.272929,16.93518,"1,46"
"ယူအပ်ဖ်အယ်",96.142351,16.825153,"14,38"
"ယောက်ကော်",96.222314,16.848392,"3,6,7,60"
"ယောက်လမ်း",96.158946,16.782853,"12,28,29,36,61"
"ရခိုင်ကျောင်း",96.147534,16.974957,"36"
"ရင်ထွန်း",96.048567,16.889769,"54"
"ရတနာဈေး",96.183033,16.835962,"14,26,27,60"
"ရတနာမြေ",96.184516,17.078036,"44"
"ရတနာလမ်း",96.250015,16.836686,"3,4"
"ရန်ကင်း(၅)လမ်း",96.209199,17.092434,"44"
"ရန်ကင်းစာတိုက်",96.1626,16.834796,"12,29,38"
"ရန်ကင်းဈေး",96.159207,16.82892,"14,38"
"ရန်ပြေ",96.191479,16.779951,"4,8,31,34"
"ရန်အောင်",96.189934,16.786238,"5,9,33"
"ရာသက်ပန်",96.138994,16.931075,"11,17,42"
"ရိတ်သိမ်း",96.194043,17.08501,"44"
"ရိပ်သာ",96.293384,16.958359,"1,28,36,44,46"
"ရိုးကြီး",96.048142,16.905598,"17,22"
"ရိုးလေး",96.047004,16.902724,"17,22"
"ရုပ်ရှင်ရုံ",96.1601,16.911152,"2,8,10,12,15,28,29,34,36,43,44,55,61"
"ရုပ်သံ",96.11185,17.069564,"55"
"ရုံး",96.154768,16.906199,"2,15"
"ရုံးထိန်း(၃)",95.960634,17.226029,"55"
"ရုံးပေါက်",96.052519,17.106032,"55"
"ရုံးရှေ့",96.188625,16.906173,"2,6,10,12,18,22,25,26,28,29,30,32,33,40,42,44,54,61"
"ရုံးလေး",96.186182,16.797218,"24,26"
"ရုံးသစ်",96.155904,16.895877,"2,15"
"ရေကြည်အိုင်",96.127363,16.966584,"35,37,41,44"
"ရေကြောင်း",96.121713,16.829848,"19,20,23,38,40"
"ရေခဲဆိုင်",96.159509,16.801172,"8,28,29,36,61"
"ရေချမ်းစင်",96.075994,16.976681,"40,42"
"ရေစက်",96.108547,16.93246,"17,25,36,42,44,59"
"ရေစင်",96.127278,17.010048,"35,37,41,42,44"
"ရေနံဂိ်တ်",96.246896,16.773198,"32,33"
"ရေအိုးစင်",96.116889,17.064375,"55"
"ရဲ(၆)",96.095173,16.96876,"39,44"
"ရဲစခန်း",96.17254,16.771487,"31,34,56,57,58"
"ရဲနွယ်",96.482227,16.752441,"34"
"ရဲဘော်ဈေး",96.094823,17.094362,"55"
"ရဲဘော်ဟောင်း",96.137322,16.867634,"6,15,16,19,35,37,41,44,61"
"ရဲရန်အောင်",96.126003,16.866268,"15,16,19,61"
"ရဲဝင်း",96.1264,16.818231,"11,22"
"ရွာမ",96.095284,16.898453,"40"
"ရွာမကွေ့",96.1219,16.834529,"11,19,20,22,23,38,40"
"ရွာလယ်",95.962007,17.20873,"55"
"ရွာသစ်",96.098202,16.925265,"21,39,40"
"ရွှေဂုံတိုင်",96.154425,16.80553,"11,12,20,28,29,59,61"
"ရွှေညာမောင်",96.078356,16.963536,"40,42"
"ရွှေတောင်ကြားလမ်း",96.234201,16.834036,"2,60"
"ရွှေထန်းပင်",96.379251,16.761482,"34"
"ရွှေပုစွန်ကွေ့",96.519434,16.760331,"34"
"ရွှေပြည်သာကွေ့",96.096718,16.961494,"39,42,44"
"ရွှေမန်း",96.136217,16.803745,"11,20,59"
"ရွှေမြင်းပျံ",96.049667,16.884605,"54"
"ရွှေမြယာ",95.959522,17.249617,"55"
"ရွှေရင်အေးဘုရား",96.042468,16.892653,"54"
"ရွှေလမင်း",96.180248,16.934472,"16"
"ရွှေဝါမြေ",96.181691,17.076108,"44"
"ရှမ်းစု",96.127127,16.987969,"35,37,41,44"
"ရှမ်းလမ်း",96.131497,16.803761,"11,20,59"
"ရှုခင်းသာ",96.200396,16.775021,"4,31"
"လက်မှတ်ဂိတ်",96.244222,16.778698,"31,32,33,34"
"လင့်လမ်း",96.14729,16.806107,"20,59,61"
"လင်းစဒေါင်း",96.180527,16.769227,"24,26"
"လန်ဒန်စက်ရုံ",96.144401,16.997039,"36"
"လမ်း(၃၀)",96.156676,16.772083,"56,58"
"လမ်း(၅၀)",96.170967,16.776572,"4,34,56,57,58"
"လမ်းဆုံ",96.172287,16.819269,"3,7,12,14,18,26,27,29"
"လမ်းနီ",96.154402,16.828542,"14,28,36,38"
"လမ်းနီလေး",96.000416,17.138494,"55"
"လမ်းဝ/နဝဒေး",96.154778,16.867269,"10,15,16,19,28,36"
"လမ်းသစ်",96.131226,17.037931,"35,36,37,41,44"
"လယ်ယာ(ဂိတ်ရင်း)",96.225511,16.804623,"10"
"လသာ",96.15142,16.772114,"56,57,58"
"လိုင်စင်ရုံး",96.200813,16.845763,"1,6,42,60"
"လိုင်စင်ရုံး(အလယ်ပေါက်)",96.24257,16.895251,"1,46"
"လေကျောင်း",96.227508,16.874656,"1,46"
"လေဆိုင်",96.518104,16.760125,"34"
"လေတပ်",96.073033,17.108718,"55"
"လေးထောင့်ကန်(ဆိုက်မွေး ၁)",96.294871,16.960345,"1,46"
"လှည်းကူးဈေး",96.219456,17.096823,"1,44,45"
"လှည်းကူးတာဆုံ",96.225736,17.099458,"1,44,45"
"လှည်းတန်း",96.130285,16.828003,"21,39,41"
"လှည်းတန်းဈေး",96.128694,16.826724,"14,30,38,41"
"ဝက်စု",96.191822,16.789915,"5,9,33"
"ဝဇီယာ",96.164128,16.901323,"16,18,19,32,36,42"
"ဝပ်ရှော့",96.114019,16.891329,"11,41"
"ဝါဆို",96.183757,16.782709,"5,8,9,33"
"ဝါယာလက်",96.126741,16.961863,"35,37,41,44"
"ဝါးဆိုင်",96.142577,17.020123,"36"
"ဝါးဆိုင်ကွေ့",96.250189,16.874348,"7"
"ဝါးတံတား",96.497376,16.755153,"34"
"ဝိဇယပလာဇာ",96.14342,16.805109,"11,20,59,61"
"ဝေဇယန္တာ",96.20768,16.791846,"4,10,31"
"ဝေဘူလ",96.207851,16.830545,"25,42,59"
"ဝှိုက်တော",96.126588,16.793536,"22,59"
"သခင်မြပန်းခြံ",96.135665,16.77837,"14,19,22,23,30,40,41,56,57"
"သင်တန်းကျောင်း",96.224717,16.871432,"1,46"
"သင်းဝင်",96.184119,16.866853,"12,14,26,29,30"
"သင်္ဃန်းကျွန်း",96.147788,16.962561,"36"
"သင်္ဘောကျင်း",96.188818,16.78141,"4,5,8,9,19,20,23,31,33,34,38,40"
"သစ္စာ",96.232957,16.845599,"2,7"
"သစ်ဆိတ်",96.236365,16.815797,"4,8,9,60"
"သစ်ဆိုင်ကွေ့",96.223322,16.847632,"3,6,7,60"
"သစ်တော",96.127736,16.782319,"14,19,23,30,40,41"
"သဉ္ဇာဦး",96.223276,17.098546,"1,44,45"
"သဒ္ဓါရုံ",96.193818,16.793695,"5,9,33"
"သန္တာ",96.162241,16.899026,"16,18,19,32,36,42"
"သပြေကုန်း",96.234477,17.194095,"45"
"သပြေခြံ",96.282842,16.946347,"1,46"
"သပြေတောင်",96.185038,17.28902,"45"
"သဘာဝ",96.092581,16.988871,"39,44"
"သမ",96.291597,16.956527,"1,46"
"သမကုန်း",96.033229,16.874492,"16,17,20,22,23,54,61"
"သမကောလိပ်",96.258491,16.755133,"31,32,33,34"
"သမဝါယမကောလိပ်",96.200702,17.345846,"45"
"သမိုင်းလမ်းဆုံ",96.114835,16.861037,"11,15,16,19,21,22,39,41,61"
"သရက်တော",96.187951,16.832619,"1,10,18,21,32,39"
"သရက်တောကျောင်း",96.145659,16.779782,"56"
"သရက်တောပေါက်",96.039258,17.099346,"55"
"သာကေတအဝိုင်း",96.216753,16.806472,"5,8,9,32,33,34"
"သာဓုကန်",96.093199,16.983536,"39,44"
"သိမ်ကျောင်း",96.244072,16.838555,"3,4,8"
"သိမ်ကြီးဈေး/ကုန်ဈေးတန်း",96.153833,16.774497,"57"
"သိမ်ဖြူစာတိုက်",96.167645,16.786857,"7,20"
"သိမ်ဖြူဈေး",96.167519,16.784569,"7"
"သီတာ",96.175791,16.799424,"3,7,9,20,25,27,33"
"သီတာဆိပ်",96.180194,16.774333,"24,26"
"သီရိမင်္ဂလာဈေး",96.122795,16.793428,"14,19,23,30,40,41"
"သီရိမြိုင်",96.117858,16.848987,"11,22"
"သုခ",96.12683,16.840511,"21,39,41"
"သုနန္ဒာ",96.165427,16.903951,"16,18,19,32,36,42"
"သုဝဏ္ဏဈေး",96.20649,16.825194,"25,59"
"သုဝဏ္ဏလမ်းဆုံ",96.190664,16.815058,"9,10,18,24,25,32,59"
"သုံးရာသီ",96.141204,16.931855,"11,17,18,32,42"
"သုံးသုံးလုံး",96.146611,16.984069,"36"
"သူဌေးကွင်း",96.34743,16.765385,"34"
"သေနတ်ပစ်ကွင်း",96.183724,16.85446,"14,26,27"
"သဲကွင်း",96.122147,16.800962,"14,19,23,30,40,41"
"သံဖြူ",96.094744,16.972125,"39,44"
"သံမဏိစက်ရုံ",95.982521,17.177285,"55"
"သံလမ်း",96.214993,16.854902,"3,6,7,8,9,11,12,14,18,21,22,26,27,29,38,39,41,42,60"
"သံလွင်",96.145139,16.824228,"14,38"
"ဟယ်(လ်)ပင်",96.140884,16.79106,"21,35,37,39"
"ဟာမစ်တစ်",96.155824,16.814847,"28,36"
"ဟိုက်ပက်",96.105326,16.898761,"21,39"
"ဟိုင်းကူး",96.192462,17.274801,"45"
"ဟုမ်းလမ်း",96.122211,16.797896,"14,19,22,23,30,40,41,59"
"ဟောင်ကောင်",96.176094,16.871658,"27"
"ဟံသာဝတီ",96.125895,16.816352,"11,21,22,35,37,39,61"
"အကောက်ခွန်",96.247823,16.90336,"1,46"
"အကြော်တဲ",96.249969,16.907097,"1,7,27,46"
"အင်ယာမြိုင်",96.146726,16.824687,"14,38"
"အင်းစိန်ကမ်းနား",96.093975,16.88326,"22,61"
"အင်းစိန်ဆေးရုံကြီး",96.105639,16.892273,"21,39"
"အင်းစိန်ဈေး",96.10254,16.886948,"15,22"
"အင်းစိန်ပန်းခြံ",96.107765,16.888644,"11,15,21,22,39,41"
"အင်းယက်ကြီး",95.957587,17.255826,"55"
"အင်းဝ",96.177746,16.849603,"10,12,18,32"
"အစာစက်",96.112257,16.932409,"17,42,44"
"အဆင့်မြင့်",96.073195,16.859974,"16,20,23"
"အထက(၁)ဗဟန်း",96.151468,16.807407,"11"
"အထက(၃)",96.051468,16.888619,"54"
"အနောက်ဇရပ်",96.195127,17.085502,"44"
"အနောက်ပိုင်းတက္ကသိုလ်",96.013681,16.948604,"21,22"
"အနော်မာ",96.201926,16.803981,"5,9,10,32,33"
"အပေါ်ကွေ့",96.252367,16.760382,"32,33"
"အမြန်လမ်းဆုံ",96.210315,17.22566,"45"
"အမှတ်(၃)",96.16607,17.065441,"44"
"အမှတ်(၃)လမ်းဆုံ",96.152812,16.936042,"17,18,32,36,42"
"အမှတ်(၄)",96.051189,17.104863,"55"
"အရှေ.ပိုင်းတက္ကသိုလ်",96.286815,16.732859,"31,34"
"အရှေ့ကြား",96.196672,16.780671,"8,34"
"အရှေ့ဇရပ်",96.198109,17.087614,"44"
"အရှေ့ဘက်မုခ်",96.151828,16.79833,"11"
"အလယ်ပေါက်",96.15189,16.940866,"36"
"အလယ်ရွာ",96.315758,16.680719,"33"
"အလိုတော်ပြည့်",96.23791,16.820604,"4,8,9,60"
"အလုံစာတိုက်",96.131368,16.785164,"22,59"
"အဝိုင်း",96.218194,16.806575,"8,10,17,21,22,25,26,28,29,30,42,60"
"အဝိုင်းထိပ်/တာမွေ",96.170142,16.811569,"12,14,20,29,59"
"အဝိုင်းလေး",96.171418,16.825246,"14,26,27"
"အဝေရာ",96.244437,16.850651,"3"
"အဝေးပြေး",96.123154,16.888701,"6,35,37"
"အသင်းတိုက်",96.183397,16.823161,"3,7,10,18,24,26,32"
"အအေးခန်း",96.276834,16.939655,"1,46"
"အအေးဆိုင်",96.189612,16.903442,"12"
"အာဆီယံ",96.232549,16.807191,"4,5"
"အာဇီဝ",96.20096,17.088824,"44"
"အာနန္ဒာဘုရား",96.194977,16.840423,"1,14,26,27,60"
"အာလိန်ငါးဆင့်",96.116207,16.89177,"11,41"
"အာသောက",96.180065,16.807201,"9,18,25,26,59"
"အားကစားကွင်း",96.206464,16.872727,"2,24,25"
"အားမာန်",96.034731,16.8794,"17,22,54"
"အိုဝမ်း",96.112608,16.840896,"19,20,23,38,40"
"အိုးရှင်း",96.177383,16.77385,"4,31,34"
"အိုးအိမ်",96.149787,16.953099,"36"
"အီကွေတာ",95.999086,17.142267,"55"
"အုတ်ကျင်း",96.116141,16.855354,"11,21,22,39,41"
"အုတ်ကျင်းဝ",96.111444,16.890754,"11,41"
"အုတ်စက်",96.00239,17.133655,"55"
"အုတ်ပုံဆိပ်",96.159359,16.873691,"18,32,42"
"အုတ်ဖို",96.094358,16.97426,"39,44"
"အုတ်လမ်း",96.151533,16.804446,"11,20,59,61"
"အုန်းခြံ",96.008012,17.120695,"55"
"အုန်းတံတား",96.480253,16.752153,"34"
"အေဒီ",96.140581,16.853074,"30,35,37,61"
"အေဘီစီ",96.186782,16.79994,"24,26"
"အေဝမ်း",96.137706,16.877716,"6,35,37"
"အောက်ကွေ့",96.251112,16.760814,"32,33"
"အောက်ဂိတ်",96.067218,17.001204,"39,40,42,43,44"
"အောက်ထိပ်",96.052575,16.864759,"16,20,23,54"
"အောင်ချမ်းသာ",96.265293,16.745619,"31,32,33,34,40,42,45,55"
"အောင်ဆန်းဈေး",96.097494,16.921796,"21,39,40"
"အောင်ဇေယျ",96.209117,16.825081,"42"
"အောင်မင်္ဂလာ",96.176668,16.796299,"3,7,9,20,25,27,33"
"အောင်မင်္ဂလာအဝေးပြေး",96.156374,16.926517,"2,17,18,32,36,42"
"အောင်မေတ္တာ",96.070544,16.990924,"40,42"
"အောင်ရတနာ",96.186638,16.835304,"1,10,18,32"
"အောင်သပြေ",96.30945,16.685775,"33,45"
"အောင်သုခ",96.247427,16.778087,"32,33"
"ဥက္ကာ",96.15467,16.902611,"2,15"
"ဥဇ္ဇနာ",96.165856,16.910967,"16,18,19,32,36,42"
"ဥယာဉ်သာ",96.423898,16.748414,"34"
"ဥယျာဉ်ဝ",96.184609,17.298281,"45"
"ဥယျာဉ်ဝလမ်းသစ်",96.181004,17.308114,"45"
"ဦးခွေးပု",96.289923,16.954721,"1,46"
"ဦးတင်လှတံတား",96.484072,16.752729,"34"
"ဦးထွန်းမြတ်",96.242277,16.894629,"1,46"
"ဦးဘဟန်",96.118365,16.861083,"15,16,19,61"
"ဦးသုမင်္ဂလ",96.015394,17.109539,"55"
"ဧရာ",96.163725,16.917321,"2,16,18,32,36"
"ဧရာမြေ",96.082989,16.930931,"17,21"
"ဧရာဝဏ်",96.246046,16.849111,"3"
"ဧရာဝတီလမ်းထိပ်",96.233312,16.837404,"2,60"
